{"FN": 793.0, "FP": 2757.0, "TN": 84392.0, "TP": 7142.0, "best-f1": 0.8009370806307515, "best_valid_loss": -17.297463032525094, "latency": 124.35625459818144, "pot-FN": 3305.0, "pot-FP": 19.0, "pot-TN": 87130.0, "pot-TP": 4630.0, "pot-f1": 0.7358503938288116, "pot-latency": 274.74656566792913, "pot-precision": 0.9959130974491007, "pot-recall": 0.583490862528682, "pot-threshold": -4.776323829990188, "precision": 0.7214870181619487, "pred_time": 0.09507553359311462, "pred_total_time": 181.10499930381775, "recall": 0.9000630108379799, "threshold": 2.0, "train_time": 212.59847918748855, "valid_time": 0.14941935832466952}