{"FN": 2082.0, "FP": 119.0, "TN": 114976.0, "TP": 9633.0, "best-f1": 0.8974655771718689, "best_valid_loss": -5.370120507884435, "latency": 218.05434414253256, "pot-FN": 3804.0, "pot-FP": 23.0, "pot-TN": 115072.0, "pot-TP": 7911.0, "pot-f1": 0.80522700276326, "pot-latency": 265.7123877686588, "pot-precision": 0.9971010826857813, "pot-recall": 0.6752880916130704, "pot-threshold": -4.396593708174581, "precision": 0.9877973738845393, "pred_time": 0.10164235565762939, "pred_total_time": 258.24264574050903, "recall": 0.82227912861948, "threshold": 2.0, "train_time": 211.92628490686417, "valid_time": 0.1503162399444876}