{"FN": 558.0, "FP": 2270.0, "TN": 97850.0, "TP": 23.0, "best-f1": 0.016002341898199494, "best_valid_loss": -14.176007275252271, "latency": 0.0, "pot-FN": 535.0, "pot-FP": 5922.0, "pot-TN": 94198.0, "pot-TP": 46.0, "pot-f1": 0.01404632948779373, "pot-latency": 0.0, "pot-precision": 0.007707774786012442, "pot-recall": 0.07917383684726616, "pot-threshold": -1.134214613633772, "precision": 0.010030527649234506, "pred_time": 0.09862444844494386, "pred_total_time": 199.02934432029724, "recall": 0.03958691842363308, "threshold": -3.0, "train_time": 82.20230301856995, "valid_time": 0.15065178571619933}