{"FN": 690.0, "FP": 403.0, "TN": 86746.0, "TP": 7245.0, "best-f1": 0.9298544627639482, "best_valid_loss": -16.40657912633224, "latency": 231.19845867694215, "pot-FN": 2988.0, "pot-FP": 32.0, "pot-TN": 87117.0, "pot-TP": 4947.0, "pot-f1": 0.766140529516863, "pot-latency": 261.77486916812035, "pot-precision": 0.9935730046323097, "pot-recall": 0.6234404529005162, "pot-threshold": -3.8811428282780818, "precision": 0.9473064841170156, "pred_time": 0.09276155179482028, "pred_total_time": 176.69859433174133, "recall": 0.9130434771102162, "threshold": 1.0, "train_time": 73.61832203388214, "valid_time": 0.1468915255895205}