{"FN": 2613.0, "FP": 113.0, "TN": 114982.0, "TP": 9102.0, "best-f1": 0.869751401159177, "best_valid_loss": -5.144107063677213, "latency": 217.99871765460205, "pot-FN": 3804.0, "pot-FP": 23.0, "pot-TN": 115072.0, "pot-TP": 7911.0, "pot-f1": 0.80522700276326, "pot-latency": 265.7123877686588, "pot-precision": 0.9971010826857813, "pot-recall": 0.6752880916130704, "pot-threshold": -3.3888339660031184, "precision": 0.9877373836269806, "pred_time": 0.09541365373872329, "pred_total_time": 242.41418862342834, "recall": 0.776952624176737, "threshold": 2.0, "train_time": 214.4728147149086, "valid_time": 0.15223400332061282}