{"FN": 827.0, "FP": 20267.0, "TN": 35052.0, "TP": 705.0, "best-f1": 0.06265425902940439, "best_valid_loss": -11.680527501696425, "latency": 2.9782543950991407, "pot-FN": 1.0, "pot-FP": 55319.0, "pot-TN": 0.0, "pot-TP": 1531.0, "pot-f1": 0.052447161167221784, "pot-latency": 0.006993002102795732, "pot-precision": 0.02693051890467361, "pot-recall": 0.9993472519624853, "pot-threshold": -2.2465784549713135, "precision": 0.033616250222384014, "pred_time": 0.09563668415290819, "pred_total_time": 109.0127739906311, "recall": 0.46018276462021696, "threshold": -16.0, "train_time": 15.69173965215683, "valid_time": 0.15195734150431775}