{"FN": 2523.0, "FP": 3404.0, "TN": 62460.0, "TP": 5243.0, "best-f1": 0.6388788252792238, "best_valid_loss": -14.599654992752379, "latency": 107.99922857693873, "pot-FN": 7484.0, "pot-FP": 141.0, "pot-TN": 65723.0, "pot-TP": 282.0, "pot-f1": 0.06887189836792297, "pot-latency": 6.499675016249187, "pot-precision": 0.6666666509062258, "pot-recall": 0.036312129749791235, "pot-threshold": -2.3815960653398918, "precision": 0.6063374573767347, "pred_time": 0.09155321525863783, "pred_total_time": 135.05767440795898, "recall": 0.6751223272275015, "threshold": -0.21068774414015495, "train_time": 182.53478539466857, "valid_time": 0.14681712768931823}