{"FN": 0.0, "FP": 84737.0, "TN": 0.0, "TP": 464.0, "best-f1": 0.01083278783796858, "best_valid_loss": -12.718453905959251, "latency": 0.0, "pot-FN": 335.0, "pot-FP": 42410.0, "pot-TN": 42327.0, "pot-TP": 129.0, "pot-f1": 0.005999367958912674, "pot-latency": 0.0, "pot-precision": 0.0030325113418198566, "pot-recall": 0.2780172353875596, "pot-threshold": -1.8232039213180542, "precision": 0.005445945469484402, "pred_time": 0.09773511858629691, "pred_total_time": 166.89749264717102, "recall": 0.9999999784482764, "threshold": 1.0, "train_time": 26.695396909713747, "valid_time": 0.1569859085893523}