{"FN": 2953.0, "FP": 4731.0, "TN": 61133.0, "TP": 4813.0, "best-f1": 0.5560897950767202, "best_valid_loss": -14.234876657083511, "latency": 49.69192544672733, "pot-FN": 7585.0, "pot-FP": 312.0, "pot-TN": 65552.0, "pot-TP": 181.0, "pot-f1": 0.04382984960991641, "pot-latency": 12.998700129987002, "pot-precision": 0.36713995198499083, "pot-recall": 0.023306721576993664, "pot-threshold": -2.276543084303289, "precision": 0.5042958921790697, "pred_time": 0.08642276306178241, "pred_total_time": 127.50118041038513, "recall": 0.6197527676799476, "threshold": -0.16552815246623487, "train_time": 338.63882816314697, "valid_time": 0.14100159505572527}