{"FN": 4027.0, "FP": 27009.0, "TN": 352796.0, "TP": 51895.0, "best-f1": 0.7698021557111778, "best_valid_loss": -17.292462379477012, "latency": 189.84586177559726, "pot-FN": 32465.0, "pot-FP": 2686.0, "pot-TN": 377119.0, "pot-TP": 23457.0, "pot-f1": 0.5716644573927304, "pot-latency": 130.7688954643706, "pot-precision": 0.8972573916928978, "pot-recall": 0.41945924673304613, "pot-threshold": -4.1926385340527, "precision": 0.6576979619971487, "pred_time": 0.07522360385319178, "pred_total_time": 656.5667014122009, "recall": 0.9279889844912576, "threshold": -0.6009419689179367, "train_time": 1424.5824379014969, "valid_time": 0.13103755400435715}