{"FN": 1818.0, "FP": 4462.0, "TN": 28998.0, "TP": 2858.0, "best-f1": 0.47648740620355057, "best_valid_loss": -16.127660321918402, "latency": 56.181307442659616, "pot-FN": 0.0, "pot-FP": 33460.0, "pot-TN": 0.0, "pot-TP": 4676.0, "pot-f1": 0.21844148114518638, "pot-latency": 0.0, "pot-precision": 0.12261380319839159, "pot-recall": 0.99999999786142, "pot-threshold": -4.119204998016357, "precision": 0.39043715793656125, "pred_time": 0.09436650638655317, "pred_total_time": 72.11867237091064, "recall": 0.6112061578032375, "threshold": -104.0, "train_time": 96.28743631601334, "valid_time": 0.14860588074685896}