{"FN": 2487.0, "FP": 8330.0, "TN": 36492.0, "TP": 3564.0, "best-f1": 0.3972092382579083, "best_valid_loss": -14.230200283119224, "latency": 21.058699654707915, "pot-FN": 0.0, "pot-FP": 44822.0, "pot-TN": 0.0, "pot-TP": 6051.0, "pot-f1": 0.21259735508916094, "pot-latency": 0.0, "pot-precision": 0.11894325081694744, "pot-recall": 0.9999999983473806, "pot-threshold": -3.3176839351654053, "precision": 0.2996468805282942, "pred_time": 0.10112290274651908, "pred_total_time": 103.09213876724243, "recall": 0.588993553810951, "threshold": -179.0, "train_time": 55.85028301477432, "valid_time": 0.15244020315733822}