{"FN": 2909.0, "FP": 2933.0, "TN": 62931.0, "TP": 4857.0, "best-f1": 0.6244485862894601, "best_valid_loss": -14.423272949617088, "latency": 244.45232316069854, "pot-FN": 5404.0, "pot-FP": 1784.0, "pot-TN": 64080.0, "pot-TP": 2362.0, "pot-f1": 0.39657034361910726, "pot-latency": 209.663172280462, "pot-precision": 0.5697057390986355, "pot-recall": 0.3041462782588897, "pot-threshold": -1.02071350956969, "precision": 0.6234916551688169, "pred_time": 0.0948143712695731, "pred_total_time": 139.86380982398987, "recall": 0.6254184900522554, "threshold": -0.7105331096647725, "train_time": 130.05294899225234, "valid_time": 0.14828647516093285}