{"FN": 0.0, "FP": 1662.0, "TN": 3489.0, "TP": 518.0, "best-f1": 0.3839850338941291, "best_valid_loss": 1.1060892343521118, "latency": 11.374857814277322, "pot-FN": 463.0, "pot-FP": 0.0, "pot-TN": 5151.0, "pot-TP": 55.0, "pot-f1": 0.19197033464931906, "pot-latency": 26.997300269973003, "pot-precision": 0.9999998181818511, "pot-recall": 0.10617760412784548, "pot-threshold": -8.102149365704904, "precision": 0.23761467780910697, "pred_time": 0.09159023092504133, "pred_total_time": 10.459495544433594, "recall": 0.9999999806949811, "threshold": -1.0, "train_time": 1.0524796056747436, "valid_time": 0.8148943781852722}