{"FN": 121.0, "FP": 27406.0, "TN": 352399.0, "TP": 55801.0, "best-f1": 0.8021428393625814, "best_valid_loss": -13.847014122841028, "latency": 211.4175948991121, "pot-FN": 39424.0, "pot-FP": 2965.0, "pot-TN": 376840.0, "pot-TP": 16498.0, "pot-f1": 0.4376959770967667, "pot-latency": 196.0350141606637, "pot-precision": 0.8476596614870988, "pot-recall": 0.2950180608177429, "pot-threshold": -4.961062793904517, "precision": 0.670628672987774, "pred_time": 0.09609752319629207, "pred_total_time": 838.6719963550568, "recall": 0.9978362717717827, "threshold": -0.5066971759792394, "train_time": 61.90926753759384, "valid_time": 0.15124009856193918}