{"FN": 1109.0, "FP": 12704.0, "TN": 42615.0, "TP": 423.0, "best-f1": 0.0577101140525692, "best_valid_loss": -13.587114358488186, "latency": 0.6799986400027199, "pot-FN": 9.0, "pot-FP": 55319.0, "pot-TN": 0.0, "pot-TP": 1523.0, "pot-f1": 0.052180254280703636, "pot-latency": 0.03546096775817889, "pot-precision": 0.026793568131523594, "pot-recall": 0.9941253198816885, "pot-threshold": -1.630126714706421, "precision": 0.032223661131847596, "pred_time": 0.09648229619111663, "pred_total_time": 109.95930075645447, "recall": 0.2761096587721302, "threshold": -24.0, "train_time": 37.393418662548065, "valid_time": 0.15197345576919877}