{"FN": 2130.0, "FP": 676.0, "TN": 35587.0, "TP": 3247.0, "best-f1": 0.6982746906422354, "best_valid_loss": -17.962090261780126, "latency": 83.29916700832992, "pot-FN": 0.0, "pot-FP": 36244.0, "pot-TN": 19.0, "pot-TP": 5377.0, "pot-f1": 0.22881622111204916, "pot-latency": 0.0, "pot-precision": 0.12918959176156516, "pot-recall": 0.999999998140227, "pot-threshold": -2.6650242805480957, "precision": 0.8276828936332324, "pred_time": 0.09464538712747672, "pred_total_time": 78.95681595802307, "recall": 0.6038683269409182, "threshold": -53.401700073233144, "train_time": 170.4662748003006, "valid_time": 0.1490126237062026}