{"FN": 1083.0, "FP": 2900.0, "TN": 47191.0, "TP": 4377.0, "best-f1": 0.6872841012578987, "best_valid_loss": -12.569160675382166, "latency": 89.41592153398722, "pot-FN": 5384.0, "pot-FP": 3.0, "pot-TN": 50088.0, "pot-TP": 76.0, "pot-f1": 0.027441495216047603, "pot-latency": 72.99270072992701, "pot-precision": 0.9620251946803551, "pot-recall": 0.013919413893920488, "pot-threshold": -11.004682840179626, "precision": 0.601484127248201, "pred_time": 0.0950286956570989, "pred_total_time": 105.83175277709961, "recall": 0.8016483501801313, "threshold": -2.0, "train_time": 61.18975820779801, "valid_time": 0.14835469978975085}