{"FN": 394.0, "FP": 42.0, "TN": 84695.0, "TP": 70.0, "best-f1": 0.24305241444032455, "best_valid_loss": -17.131675284275182, "latency": 0.034482639715035464, "pot-FN": 371.0, "pot-FP": 1017.0, "pot-TN": 83720.0, "pot-TP": 93.0, "pot-f1": 0.11816610770088766, "pot-latency": 0.0, "pot-precision": 0.08378378302897493, "pot-recall": 0.20043103016312436, "pot-threshold": -1.8511234132656846, "precision": 0.6249999441964336, "pred_time": 0.08055773494530283, "pred_total_time": 137.5668396949768, "recall": 0.15086206571417962, "threshold": -3.58907193279257, "train_time": 497.4910462331772, "valid_time": 0.13326774476207526}