{"FN": 394.0, "FP": 37.0, "TN": 84700.0, "TP": 70.0, "best-f1": 0.2451808338592054, "best_valid_loss": -17.99639716918758, "latency": 0.0, "pot-FN": 359.0, "pot-FP": 1557.0, "pot-TN": 83180.0, "pot-TP": 105.0, "pot-f1": 0.09877363294317373, "pot-latency": 0.022727221074497556, "pot-precision": 0.06317689492673348, "pot-recall": 0.22629309857126945, "pot-threshold": -1.682049066747711, "precision": 0.6542055463359302, "pred_time": 0.08284458330999021, "pred_total_time": 141.4660518169403, "recall": 0.15086206571417962, "threshold": -3.4633467884064344, "train_time": 528.6632374596596, "valid_time": 0.14191974954459974}