{"FN": 1209.0, "FP": 70.0, "TN": 11933.0, "TP": 1209.0, "best-f1": 0.6540392903959874, "best_valid_loss": -11.343586471326082, "latency": 116.99610012999565, "pot-FN": 1612.0, "pot-FP": 63.0, "pot-TN": 11940.0, "pot-TP": 806.0, "pot-f1": 0.49041290086012057, "pot-latency": 58.49707514624268, "pot-precision": 0.9275028661967449, "pot-recall": 0.33333333195478354, "pot-threshold": -10.849228118495496, "precision": 0.9452697345952328, "pred_time": 0.09697719593774076, "pred_total_time": 28.070802688598633, "recall": 0.4999999979321753, "threshold": -6.0, "train_time": 16.329304132461548, "valid_time": 0.15231854706020145}