{"FN": 1209.0, "FP": 103.0, "TN": 16736.0, "TP": 1209.0, "best-f1": 0.6482528088152923, "best_valid_loss": -10.468771067660972, "latency": 120.66264457851405, "pot-FN": 1612.0, "pot-FP": 79.0, "pot-TN": 16760.0, "pot-TP": 806.0, "pot-f1": 0.4880372488192852, "pot-latency": 58.49707514624268, "pot-precision": 0.9107344529860514, "pot-recall": 0.33333333195478354, "pot-threshold": -14.74512782276184, "precision": 0.9214938954154429, "pred_time": 0.09645226149979033, "pred_total_time": 37.289578437805176, "recall": 0.4999999979321753, "threshold": -6.0, "train_time": 16.820262570381164, "valid_time": 0.15692346017439288}