{"FN": 1238.0, "FP": 1489.0, "TN": 53830.0, "TP": 294.0, "best-f1": 0.17737059334494554, "best_valid_loss": -17.722903113308064, "latency": 2.894721606728386, "pot-FN": 7.0, "pot-FP": 55319.0, "pot-TN": 0.0, "pot-TP": 1525.0, "pot-f1": 0.052246987860636675, "pot-latency": 0.11971822555054538, "pot-precision": 0.026827809438669373, "pot-recall": 0.9954308029018877, "pot-threshold": -1.4210816621780396, "precision": 0.164890632838527, "pred_time": 0.09743199742322228, "pred_total_time": 111.04521608352661, "recall": 0.19190600396928195, "threshold": -35.0, "train_time": 184.81334936141968, "valid_time": 0.1538834510741035}