{"FN": 2550.0, "FP": 8478.0, "TN": 36344.0, "TP": 3501.0, "best-f1": 0.38834828554377226, "best_valid_loss": -11.853852808972066, "latency": 22.624858594633785, "pot-FN": 0.0, "pot-FP": 44822.0, "pot-TN": 0.0, "pot-TP": 6051.0, "pot-f1": 0.21259735508916094, "pot-latency": 0.0, "pot-precision": 0.11894325081694744, "pot-recall": 0.9999999983473806, "pot-threshold": -2.913609027862549, "precision": 0.2922614573067356, "pred_time": 0.09587729024043955, "pred_total_time": 97.74694609642029, "recall": 0.5785820515971211, "threshold": -168.0, "train_time": 55.65626846551895, "valid_time": 0.15071654895941416}