{"FN": 1347.0, "FP": 5724.0, "TN": 27736.0, "TP": 3329.0, "best-f1": 0.4849543537854542, "best_valid_loss": -16.91956525391402, "latency": 57.14244898250727, "pot-FN": 0.0, "pot-FP": 33460.0, "pot-TN": 0.0, "pot-TP": 4676.0, "pot-f1": 0.21844148114518638, "pot-latency": 0.0, "pot-precision": 0.12261380319839159, "pot-recall": 0.99999999786142, "pot-threshold": -3.9574508666992188, "precision": 0.36772340619935556, "pred_time": 0.09696370964750238, "pred_total_time": 74.09358859062195, "recall": 0.7119332747820076, "threshold": -68.66706915282958, "train_time": 154.08589759349823, "valid_time": 0.15340005793046768}