{"FN": 477.0, "FP": 1327.0, "TN": 98874.0, "TP": 23.0, "best-f1": 0.024860920736648764, "best_valid_loss": -13.442177456206206, "latency": 0.0, "pot-FN": 489.0, "pot-FP": 447.0, "pot-TN": 99754.0, "pot-TP": 11.0, "pot-f1": 0.02295951960967926, "pot-latency": 0.0, "pot-precision": 0.02401746672450946, "pot-recall": 0.02199999956000001, "pot-threshold": -1.6916353214090034, "precision": 0.017037036910836766, "pred_time": 0.09739245835959763, "pred_total_time": 196.54298996925354, "recall": 0.04599999908000002, "threshold": -1.0, "train_time": 32.51283474683762, "valid_time": 0.15343751674641945}