{"FN": 1419.0, "FP": 1328.0, "TN": 72862.0, "TP": 211.0, "best-f1": 0.1331600397589998, "best_valid_loss": -4.642653262924696, "latency": 0.8461516765341627, "pot-FN": 6.0, "pot-FP": 74190.0, "pot-TN": 0.0, "pot-TP": 1624.0, "pot-f1": 0.041939570342725045, "pot-latency": 0.08875734393056572, "pot-precision": 0.02142084575125691, "pot-recall": 0.9963190122925214, "pot-threshold": -1.3388785123825073, "precision": 0.13710201340414546, "pred_time": 0.10214242796875884, "pred_total_time": 155.16727542877197, "recall": 0.1294478519665776, "threshold": -32.0, "train_time": 96.82924644231797, "valid_time": 0.15172149732279946}