{"FN": 664.0, "FP": 146.0, "TN": 133485.0, "TP": 6.0, "best-f1": 0.014595525986146156, "best_valid_loss": -14.402219921204164, "latency": 0.0, "pot-FN": 664.0, "pot-FP": 159.0, "pot-TN": 133472.0, "pot-TP": 6.0, "pot-f1": 0.014368086697562017, "pot-latency": 0.0, "pot-precision": 0.036363634159779744, "pot-recall": 0.00895522374693696, "pot-threshold": -1.9369941452435295, "precision": 0.03947368161357358, "pred_time": 0.10007537578090132, "pred_total_time": 269.2939176559448, "recall": 0.00895522374693696, "threshold": -2.0, "train_time": 226.87615044116973, "valid_time": 0.1456462398196897}