{"FN": 494.0, "FP": 53.0, "TN": 100148.0, "TP": 6.0, "best-f1": 0.021465016470822672, "best_valid_loss": -16.127239541651047, "latency": 0.0, "pot-FN": 494.0, "pot-FP": 101.0, "pot-TN": 100100.0, "pot-TP": 6.0, "pot-f1": 0.019766453205480743, "pot-latency": 0.0, "pot-precision": 0.056074761114508306, "pot-recall": 0.011999999760000005, "pot-threshold": -2.1617870538243222, "precision": 0.1016948980178139, "pred_time": 0.0925167172481641, "pred_total_time": 186.70005321502686, "recall": 0.011999999760000005, "threshold": -2.7307765045165695, "train_time": 230.2156423473358, "valid_time": 0.14812001273418085}