{"FN": 381.0, "FP": 1.0, "TN": 5150.0, "TP": 137.0, "best-f1": 0.4176795918801301, "best_valid_loss": -5.5377525674535875, "latency": 22.332588913702875, "pot-FN": 463.0, "pot-FP": 0.0, "pot-TN": 5151.0, "pot-TP": 55.0, "pot-f1": 0.19197033464931906, "pot-latency": 26.997300269973003, "pot-precision": 0.9999998181818511, "pot-recall": 0.10617760412784548, "pot-threshold": -16.38010561745246, "precision": 0.9927535512497426, "pred_time": 0.09672011408889503, "pred_total_time": 11.043965339660645, "recall": 0.2644787593729969, "threshold": -4.0, "train_time": 2.571209018230438, "valid_time": 0.2157951918515292}