{"FN": 569.0, "FP": 1.0, "TN": 6831.0, "TP": 192.0, "best-f1": 0.40251248729116545, "best_valid_loss": -7.644312956753899, "latency": 23.499412514687133, "pot-FN": 706.0, "pot-FP": 1.0, "pot-TN": 6831.0, "pot-TP": 55.0, "pot-f1": 0.1346376426996724, "pot-latency": 26.997300269973003, "pot-precision": 0.9821426817602353, "pot-recall": 0.0722733236232152, "pot-threshold": -20.559427866520583, "precision": 0.9948186013047357, "pred_time": 0.09613177023435894, "pred_total_time": 14.636877059936523, "recall": 0.2522996024664967, "threshold": -7.0, "train_time": 5.432292282581329, "valid_time": 0.15964907209078472}