{"FN": 578.0, "FP": 1521.0, "TN": 113574.0, "TP": 11137.0, "best-f1": 0.9138751200021402, "best_valid_loss": -13.956301398701102, "latency": 163.7719828546234, "pot-FN": 3804.0, "pot-FP": 114.0, "pot-TN": 114981.0, "pot-TP": 7911.0, "pot-f1": 0.8015149307701724, "pot-latency": 265.7123877686588, "pot-precision": 0.9857943912949603, "pot-recall": 0.6752880916130704, "pot-threshold": -3.8063219162436512, "precision": 0.8798388364039826, "pred_time": 0.09587406614045717, "pred_total_time": 243.58093190193176, "recall": 0.9506615442162514, "threshold": 2.0, "train_time": 210.19317479372023, "valid_time": 0.1475831181914718}