{"FN": 1980.0, "FP": 197.0, "TN": 86952.0, "TP": 5955.0, "best-f1": 0.8454554324462957, "best_valid_loss": -19.579739229178724, "latency": 203.72542067799384, "pot-FN": 3305.0, "pot-FP": 23.0, "pot-TN": 87126.0, "pot-TP": 4630.0, "pot-f1": 0.7356165653120602, "pot-latency": 261.49673129085886, "pot-precision": 0.9950569503652333, "pot-recall": 0.583490862528682, "pot-threshold": -5.355663961079261, "precision": 0.9679778917945744, "pred_time": 0.09576946340274109, "pred_total_time": 182.42064929008484, "recall": 0.7504725888462853, "threshold": 2.0, "train_time": 415.44358340740206, "valid_time": 0.15033606449943354}