{"FN": 893.0, "FP": 4637.0, "TN": 45454.0, "TP": 4567.0, "best-f1": 0.622881304393825, "best_valid_loss": -6.995485745286265, "latency": 74.21375561603132, "pot-FN": 5249.0, "pot-FP": 5.0, "pot-TN": 50086.0, "pot-TP": 211.0, "pot-f1": 0.07434740009711965, "pot-latency": 66.99665016749162, "pot-precision": 0.9768518066272311, "pot-recall": 0.03864468857391083, "pot-threshold": -5.161000068483162, "precision": 0.4961973049802289, "pred_time": 0.09416070387517805, "pred_total_time": 104.87178683280945, "recall": 0.8364468849149325, "threshold": -2.0, "train_time": 61.08933467149735, "valid_time": 0.14830253167244478}