{"FN": 363.0, "FP": 7004.0, "TN": 29259.0, "TP": 5014.0, "best-f1": 0.5764832245418308, "best_valid_loss": -13.505109475015331, "latency": 35.99977500140624, "pot-FN": 5377.0, "pot-FP": 1.0, "pot-TN": 36262.0, "pot-TP": 0.0, "pot-f1": 0.0, "pot-latency": 0.0, "pot-precision": 0.0, "pot-recall": 0.0, "pot-threshold": -21.959693058253734, "precision": 0.41720752170310577, "pred_time": 0.09552977036456672, "pred_total_time": 79.70020127296448, "recall": 0.9324902344569644, "threshold": 0.0, "train_time": 24.93481538295746, "valid_time": 0.15134823886971724}