{"FN": 806.0, "FP": 290.0, "TN": 16549.0, "TP": 1612.0, "best-f1": 0.7462913642086462, "best_valid_loss": -11.094755644978283, "latency": 30.249243768905778, "pot-FN": 1612.0, "pot-FP": 82.0, "pot-TN": 16757.0, "pot-TP": 806.0, "pot-f1": 0.48759437408765466, "pot-latency": 58.49707514624268, "pot-precision": 0.9076576474362877, "pot-recall": 0.33333333195478354, "pot-threshold": -15.677273659341685, "precision": 0.8475289124735599, "pred_time": 0.10505458666252966, "pred_total_time": 40.608535289764404, "recall": 0.6666666639095671, "threshold": 0.0, "train_time": 16.294590766429902, "valid_time": 0.15233530303934117}