{"FN": 556.0, "FP": 3016.0, "TN": 97104.0, "TP": 25.0, "best-f1": 0.01380183478054992, "best_valid_loss": -13.121682202111879, "latency": 0.0, "pot-FN": 546.0, "pot-FP": 4958.0, "pot-TN": 95162.0, "pot-TP": 35.0, "pot-f1": 0.012556439270660035, "pot-latency": 0.0, "pot-precision": 0.007009813725195647, "pot-recall": 0.06024096281857207, "pot-threshold": -0.9636028749139223, "precision": 0.008220979913775139, "pred_time": 0.09492887373893491, "pred_total_time": 191.56587386131287, "recall": 0.043029259156122907, "threshold": -2.0, "train_time": 31.33118982076645, "valid_time": 0.14877011955789263}