{"FN": 1831.0, "FP": 3987.0, "TN": 61877.0, "TP": 5935.0, "best-f1": 0.6710715095656982, "best_valid_loss": -14.485727166527097, "latency": 129.66594630029834, "pot-FN": 7585.0, "pot-FP": 50.0, "pot-TN": 65814.0, "pot-TP": 181.0, "pot-f1": 0.04526641398057175, "pot-latency": 12.998700129987002, "pot-precision": 0.783549749629881, "pot-recall": 0.023306721576993664, "pot-threshold": -1.672335365428226, "precision": 0.5981656917978576, "pred_time": 0.0954647195314924, "pred_total_time": 140.82422947883606, "recall": 0.7642286881737977, "threshold": -0.4295954399110098, "train_time": 85.41979667901992, "valid_time": 0.15007430194019744}