{"FN": 1377.0, "FP": 371.0, "TN": 54948.0, "TP": 155.0, "best-f1": 0.15062787462117302, "best_valid_loss": -17.77667955284374, "latency": 9.333229630781881, "pot-FN": 1.0, "pot-FP": 55319.0, "pot-TN": 0.0, "pot-TP": 1531.0, "pot-f1": 0.052447161167221784, "pot-latency": 0.06293701892516158, "pot-precision": 0.02693051890467361, "pot-recall": 0.9993472519624853, "pot-threshold": -1.3574483394622803, "precision": 0.2946768004814297, "pred_time": 0.09081295734968671, "pred_total_time": 103.51292824745178, "recall": 0.10117493406543777, "threshold": -50.89745263671878, "train_time": 285.59483438253403, "valid_time": 0.15069553888604928}