{"FN": 1378.0, "FP": 319.0, "TN": 55000.0, "TP": 154.0, "best-f1": 0.1536123535201901, "best_valid_loss": -17.091465630711042, "latency": 9.333229630781881, "pot-FN": 1.0, "pot-FP": 55319.0, "pot-TN": 0.0, "pot-TP": 1531.0, "pot-f1": 0.052447161167221784, "pot-latency": 0.055944016822365855, "pot-precision": 0.02693051890467361, "pot-recall": 0.9993472519624853, "pot-threshold": -1.3873860836029053, "precision": 0.32558138846550977, "pred_time": 0.09714617502919819, "pred_total_time": 110.7132921218872, "recall": 0.10052219255533817, "threshold": -51.77613327026333, "train_time": 287.0160688972473, "valid_time": 0.15206888407173091}