{"FN": 1209.0, "FP": 81.0, "TN": 11922.0, "TP": 1209.0, "best-f1": 0.6520990190946944, "best_valid_loss": -8.140411664511412, "latency": 109.99633345555148, "pot-FN": 1209.0, "pot-FP": 82.0, "pot-TN": 11921.0, "pot-TP": 1209.0, "pot-f1": 0.6519232014840317, "pot-latency": 107.996400119996, "pot-precision": 0.9364833389892848, "pot-recall": 0.4999999979321753, "pot-threshold": -0.15607538110015, "precision": 0.9372092950603931, "pred_time": 0.095830358023462, "pred_total_time": 27.74371027946472, "recall": 0.4999999979321753, "threshold": -2.0, "train_time": 3.1838970446586607, "valid_time": 0.17960234766914732}