{"FN": 162.0, "FP": 35534.0, "TN": 344271.0, "TP": 55760.0, "best-f1": 0.7575216444123591, "best_valid_loss": -14.67537410455207, "latency": 243.2572071860497, "pot-FN": 34386.0, "pot-FP": 1958.0, "pot-TN": 377847.0, "pot-TP": 21536.0, "pot-f1": 0.5423550558886473, "pot-latency": 235.05989375789767, "pot-precision": 0.916659572266681, "pot-recall": 0.385107828692624, "pot-threshold": -5.346787658717752, "precision": 0.6107739828892617, "pred_time": 0.09871025430150779, "pred_total_time": 861.502721786499, "recall": 0.9971031077219872, "threshold": -0.2728023223878018, "train_time": 177.18431191921235, "valid_time": 0.15584846818819642}