{"FN": 0.0, "FP": 230.0, "TN": 10726.0, "TP": 1477.0, "best-f1": 0.92775883938481, "best_valid_loss": -3.693359522592454, "latency": 47.92270828685933, "pot-FN": 1057.0, "pot-FP": 11.0, "pot-TN": 10945.0, "pot-TP": 420.0, "pot-f1": 0.4402480704550363, "pot-latency": 33.1661138981017, "pot-precision": 0.974477935626962, "pot-recall": 0.28436018764820453, "pot-threshold": -4.600319092737373, "precision": 0.8652606862023393, "pred_time": 0.09717800435292194, "pred_total_time": 24.234870672225952, "recall": 0.9999999932295194, "threshold": 0.0, "train_time": 9.37791193008423, "valid_time": 0.1529152413864902}