{"FN": 323.0, "FP": 25542.0, "TN": 354263.0, "TP": 55599.0, "best-f1": 0.811286327263025, "best_valid_loss": -13.380951136426466, "latency": 243.58424063962977, "pot-FN": 31895.0, "pot-FP": 3103.0, "pot-TN": 376702.0, "pot-TP": 24027.0, "pot-f1": 0.5785969589949475, "pot-latency": 202.59311689650968, "pot-precision": 0.885624769301281, "pot-recall": 0.4296520152302042, "pot-threshold": -3.8107708107365976, "precision": 0.6852146263066495, "pred_time": 0.09513579725330067, "pred_total_time": 830.3104836940765, "recall": 0.9942240976727899, "threshold": -0.6577477760313899, "train_time": 24.279838960170746, "valid_time": 0.15061361187316002}