{"FN": 682.0, "FP": 13366.0, "TN": 32511.0, "TP": 801.0, "best-f1": 0.10236250153326149, "best_valid_loss": -14.868890006057846, "latency": 4.833319907444701, "pot-FN": 61.0, "pot-FP": 45876.0, "pot-TN": 1.0, "pot-TP": 1422.0, "pot-f1": 0.05830079827850222, "pot-latency": 0.11570238371703825, "pot-precision": 0.030064696175300287, "pot-recall": 0.9588671546940852, "pot-threshold": -1.5234801769256592, "precision": 0.056539846081358196, "pred_time": 0.09092120203790785, "pred_total_time": 86.3258957862854, "recall": 0.5401213719479341, "threshold": -31.43277740478224, "train_time": 343.99899513721465, "valid_time": 0.14339035024218985}