{"FN": 162.0, "FP": 32776.0, "TN": 347029.0, "TP": 55760.0, "best-f1": 0.7719843450329393, "best_valid_loss": -16.39352676292854, "latency": 149.99977272761708, "pot-FN": 30671.0, "pot-FP": 2896.0, "pot-TN": 376909.0, "pot-TP": 25251.0, "pot-f1": 0.6007163821117582, "pot-latency": 119.30204813477177, "pot-precision": 0.8971115923909789, "pot-recall": 0.45153964442410144, "pot-threshold": -4.963113127597453, "precision": 0.6298003071485271, "pred_time": 0.09123555668728556, "pred_total_time": 796.288388967514, "recall": 0.9971031077219872, "threshold": -0.3353555679315253, "train_time": 513.6650196552276, "valid_time": 0.14522427904845128}