{"FN": 2674.0, "FP": 4282.0, "TN": 61582.0, "TP": 5092.0, "best-f1": 0.5941607376372773, "best_valid_loss": -5.596090407686939, "latency": 67.11073827367626, "pot-FN": 7585.0, "pot-FP": 0.0, "pot-TN": 65864.0, "pot-TP": 181.0, "pot-f1": 0.04555133529282426, "pot-latency": 12.998700129987002, "pot-precision": 0.9999999447513842, "pot-recall": 0.023306721576993664, "pot-threshold": -5.199063899662135, "precision": 0.5432046079120924, "pred_time": 0.09307940347778983, "pred_total_time": 137.32302069664001, "recall": 0.6556785981770814, "threshold": -0.11734315156940403, "train_time": 8.537143337726594, "valid_time": 0.14918674371744456}