{"FN": 381.0, "FP": 1.0, "TN": 5150.0, "TP": 137.0, "best-f1": 0.4176795918801301, "best_valid_loss": -9.254724803091097, "latency": 22.332588913702875, "pot-FN": 463.0, "pot-FP": 1.0, "pot-TN": 5150.0, "pot-TP": 55.0, "pot-f1": 0.19163586314407255, "pot-latency": 26.997300269973003, "pot-precision": 0.9821426817602353, "pot-recall": 0.10617760412784548, "pot-threshold": -19.47926555653535, "precision": 0.9927535512497426, "pred_time": 0.0962809261522795, "pred_total_time": 10.993011236190796, "recall": 0.2644787593729969, "threshold": -5.0, "train_time": 5.445888707637787, "valid_time": 0.1596855362256368}