{"FN": 366.0, "FP": 134.0, "TN": 6698.0, "TP": 395.0, "best-f1": 0.6123982530398421, "best_valid_loss": -4.737268077225244, "latency": 28.142455107784176, "pot-FN": 706.0, "pot-FP": 1.0, "pot-TN": 6831.0, "pot-TP": 55.0, "pot-f1": 0.1346376426996724, "pot-latency": 26.997300269973003, "pot-precision": 0.9821426817602353, "pot-recall": 0.0722733236232152, "pot-threshold": -14.930430248228843, "precision": 0.7466918573404187, "pred_time": 0.09840108218945955, "pred_total_time": 14.982134580612183, "recall": 0.5190538696576364, "threshold": 0.0, "train_time": 5.5048540139198305, "valid_time": 0.17240906258424124}