{"FN": 2601.0, "FP": 4460.0, "TN": 61404.0, "TP": 5165.0, "best-f1": 0.5939804512344771, "best_valid_loss": -16.56303568669204, "latency": 124.9079553822238, "pot-FN": 7585.0, "pot-FP": 604.0, "pot-TN": 65260.0, "pot-TP": 181.0, "pot-f1": 0.04233256239132356, "pot-latency": 12.998700129987002, "pot-precision": 0.23057324547040453, "pot-recall": 0.023306721576993664, "pot-threshold": -2.0291879351683995, "precision": 0.5366233760658459, "pred_time": 0.09111883522132101, "pred_total_time": 134.42496824264526, "recall": 0.6650785466584104, "threshold": -0.4512837677000119, "train_time": 584.7057412719727, "valid_time": 0.14941884914906045}