{"FN": 2562.0, "FP": 5536.0, "TN": 60328.0, "TP": 5204.0, "best-f1": 0.5624073192051423, "best_valid_loss": -7.926911433610895, "latency": 170.71306633524046, "pot-FN": 7585.0, "pot-FP": 18.0, "pot-TN": 65846.0, "pot-TP": 181.0, "pot-f1": 0.04544835135844072, "pot-latency": 12.998700129987002, "pot-precision": 0.9095476929875531, "pot-recall": 0.023306721576993664, "pot-threshold": -0.6158970219081072, "precision": 0.48454376118757564, "pred_time": 0.09394975171474397, "pred_total_time": 138.59677362442017, "recall": 0.670100436942956, "threshold": 0.0, "train_time": 618.3712005615234, "valid_time": 0.1543268847397004}