{"FN": 3232.0, "FP": 3151.0, "TN": 41671.0, "TP": 2819.0, "best-f1": 0.46900756085096246, "best_valid_loss": -11.664336273984798, "latency": 48.84577810939916, "pot-FN": 0.0, "pot-FP": 44822.0, "pot-TN": 0.0, "pot-TP": 6051.0, "pot-f1": 0.21259735508916094, "pot-latency": 0.0, "pot-precision": 0.11894325081694744, "pot-recall": 0.9999999983473806, "pot-threshold": -4.079768657684326, "precision": 0.47219430406667623, "pred_time": 0.10217160045046703, "pred_total_time": 104.15878748893738, "recall": 0.4658734085839144, "threshold": -189.0, "train_time": 53.3041854262352, "valid_time": 0.1461956345131903}