{"FN": 537.0, "FP": 6515.0, "TN": 26945.0, "TP": 4139.0, "best-f1": 0.5399827133363134, "best_valid_loss": -14.563026307251334, "latency": 54.55525247081961, "pot-FN": 0.0, "pot-FP": 33460.0, "pot-TN": 0.0, "pot-TP": 4676.0, "pot-f1": 0.21844148114518638, "pot-latency": 0.0, "pot-precision": 0.12261380319839159, "pot-recall": 0.99999999786142, "pot-threshold": -3.350053548812866, "precision": 0.38849258457997693, "pred_time": 0.09807938110781528, "pred_total_time": 74.95182466506958, "recall": 0.8851582530257522, "threshold": -169.0, "train_time": 55.686521906852725, "valid_time": 0.15219770958929352}