{"FN": 2082.0, "FP": 124.0, "TN": 114971.0, "TP": 9633.0, "best-f1": 0.89725659069387, "best_valid_loss": -14.768863935107008, "latency": 218.05434414253256, "pot-FN": 3804.0, "pot-FP": 23.0, "pot-TN": 115072.0, "pot-TP": 7911.0, "pot-f1": 0.80522700276326, "pot-latency": 265.7123877686588, "pot-precision": 0.9971010826857813, "pot-recall": 0.6752880916130704, "pot-threshold": -4.233367629338546, "precision": 0.9872911745543803, "pred_time": 0.09966021266376404, "pred_total_time": 253.17795324325562, "recall": 0.82227912861948, "threshold": 2.0, "train_time": 220.81530532836913, "valid_time": 0.1553569157450236}