{"FN": 478.0, "FP": 940.0, "TN": 99261.0, "TP": 22.0, "best-f1": 0.03009125879245912, "best_valid_loss": -19.878930527455235, "latency": 0.0, "pot-FN": 490.0, "pot-FP": 485.0, "pot-TN": 99716.0, "pot-TP": 10.0, "pot-f1": 0.020095503478169983, "pot-latency": 0.0, "pot-precision": 0.02020201979389859, "pot-recall": 0.01999999960000001, "pot-threshold": -1.8576591188334046, "precision": 0.02286902263129914, "pred_time": 0.07578468535733282, "pred_total_time": 152.94625663757324, "recall": 0.04399999912000002, "threshold": -0.9341079378126017, "train_time": 685.6744937396049, "valid_time": 0.1371210082888225}