{"FN": 1235.0, "FP": 4730.0, "TN": 28730.0, "TP": 3441.0, "best-f1": 0.5356846352329879, "best_valid_loss": -11.661628584671911, "latency": 57.85672959478861, "pot-FN": 0.0, "pot-FP": 33453.0, "pot-TN": 7.0, "pot-TP": 4676.0, "pot-f1": 0.2184772034215013, "pot-latency": 0.0, "pot-precision": 0.12263631353493762, "pot-recall": 0.99999999786142, "pot-threshold": -3.119719982147217, "precision": 0.4211234849821032, "pred_time": 0.09460607768667478, "pred_total_time": 72.29555296897888, "recall": 0.7358853705391674, "threshold": -136.0, "train_time": 9.818389575481415, "valid_time": 0.1539560121203226}