{"FN": 412.0, "FP": 55.0, "TN": 84682.0, "TP": 52.0, "best-f1": 0.1821335506165128, "best_valid_loss": -16.492300743353894, "latency": 0.0, "pot-FN": 386.0, "pot-FP": 2031.0, "pot-TN": 82706.0, "pot-TP": 78.0, "pot-f1": 0.0606266586319264, "pot-latency": 0.0, "pot-precision": 0.03698435259846205, "pot-recall": 0.16810344465294302, "pot-threshold": -1.960389354904351, "precision": 0.4859812629924053, "pred_time": 0.09771276387301359, "pred_total_time": 166.84655666351318, "recall": 0.112068963101962, "threshold": -4.0, "train_time": 354.111044781208, "valid_time": 0.15380563987123458}