{"FN": 3758.0, "FP": 4147.0, "TN": 40675.0, "TP": 2293.0, "best-f1": 0.36713934825698624, "best_valid_loss": -5.144274501959441, "latency": 13.416554862042817, "pot-FN": 0.0, "pot-FP": 44822.0, "pot-TN": 0.0, "pot-TP": 6051.0, "pot-f1": 0.21259735508916094, "pot-latency": 0.0, "pot-precision": 0.11894325081694744, "pot-recall": 0.9999999983473806, "pot-threshold": -3.2689127922058105, "precision": 0.3560559000682362, "pred_time": 0.09679357827529457, "pred_total_time": 98.67781186103821, "recall": 0.3789456281954295, "threshold": -162.0, "train_time": 54.14869086265564, "valid_time": 0.14954977306452663}