{"FN": 1499.0, "FP": 3213.0, "TN": 30247.0, "TP": 3177.0, "best-f1": 0.5741863352948282, "best_valid_loss": -13.849037848672177, "latency": 74.08271597736686, "pot-FN": 0.0, "pot-FP": 33457.0, "pot-TN": 3.0, "pot-TP": 4676.0, "pot-f1": 0.21845678926167894, "pot-latency": 0.0, "pot-precision": 0.1226234494735207, "pot-recall": 0.99999999786142, "pot-threshold": -2.95269513130188, "precision": 0.497183097813485, "pred_time": 0.0966796090687243, "pred_total_time": 73.87790179252625, "recall": 0.6794268591115765, "threshold": -197.0, "train_time": 23.080400133132933, "valid_time": 0.1520211110021728}