{"FN": 0.0, "FP": 300.0, "TN": 10656.0, "TP": 1477.0, "best-f1": 0.9078008144509253, "best_valid_loss": -3.814157937254225, "latency": 47.768863316436025, "pot-FN": 1057.0, "pot-FP": 11.0, "pot-TN": 10945.0, "pot-TP": 420.0, "pot-f1": 0.4402480704550363, "pot-latency": 33.1661138981017, "pot-precision": 0.974477935626962, "pot-recall": 0.28436018764820453, "pot-threshold": -5.790946038377654, "precision": 0.8311761348836458, "pred_time": 0.09540038893979237, "pred_total_time": 23.791208028793335, "recall": 0.9999999932295194, "threshold": 0.0, "train_time": 9.18006944656372, "valid_time": 0.15237380544971701}