{"FN": 0.0, "FP": 72.0, "TN": 8081.0, "TP": 1148.0, "best-f1": 0.9695895910536306, "best_valid_loss": -11.665568817662827, "latency": 37.099629003709964, "pot-FN": 447.0, "pot-FP": 15.0, "pot-TN": 8138.0, "pot-TP": 701.0, "pot-f1": 0.7521411832689956, "pot-latency": 41.856544906501334, "pot-precision": 0.9790502656557226, "pot-recall": 0.6106271723812964, "pot-threshold": -5.748643201564233, "precision": 0.9409835988443968, "pred_time": 0.09429697556929155, "pred_total_time": 17.662992238998413, "recall": 0.9999999912891987, "threshold": 0.0, "train_time": 15.533624894618988, "valid_time": 0.1521013631041368}