{"FN": 470.0, "FP": 2228.0, "TN": 97973.0, "TP": 30.0, "best-f1": 0.021751926609758533, "best_valid_loss": -15.036030329472863, "latency": 0.0, "pot-FN": 496.0, "pot-FP": 98.0, "pot-TN": 100103.0, "pot-TP": 4.0, "pot-f1": 0.013286222160714465, "pot-latency": 0.0, "pot-precision": 0.03921568242983506, "pot-recall": 0.007999999840000004, "pot-threshold": -1.586815895605053, "precision": 0.013286093829556714, "pred_time": 0.09745329473509683, "pred_total_time": 196.6515073776245, "recall": 0.05999999880000003, "threshold": 0.0, "train_time": 84.13360152006149, "valid_time": 0.15458703882420238}