{"FN": 0.0, "FP": 306.0, "TN": 10650.0, "TP": 1477.0, "best-f1": 0.9061300078463681, "best_valid_loss": -6.417661876905533, "latency": 47.768863316436025, "pot-FN": 1057.0, "pot-FP": 11.0, "pot-TN": 10945.0, "pot-TP": 420.0, "pot-f1": 0.4402480704550363, "pot-latency": 33.1661138981017, "pot-precision": 0.974477935626962, "pot-recall": 0.28436018764820453, "pot-threshold": -5.609108908473056, "precision": 0.8283791316411715, "pred_time": 0.10307855778429882, "pred_total_time": 25.704024076461792, "recall": 0.9999999932295194, "threshold": 0.0, "train_time": 10.071641035079956, "valid_time": 0.16170696753853533}