{"FN": 0.0, "FP": 94.0, "TN": 8059.0, "TP": 1148.0, "best-f1": 0.960664455788272, "best_valid_loss": -9.3335471539884, "latency": 46.19953800461995, "pot-FN": 1061.0, "pot-FP": 6.0, "pot-TN": 8147.0, "pot-TP": 87.0, "pot-f1": 0.1402081197423612, "pot-latency": 11.332955568147728, "pot-precision": 0.9354837703780892, "pot-recall": 0.07578397146529642, "pot-threshold": -5.538442843083274, "precision": 0.9243156125256392, "pred_time": 0.09537266282474294, "pred_total_time": 17.86187434196472, "recall": 0.9999999912891987, "threshold": 1.0, "train_time": 4.318505778312683, "valid_time": 0.16844081564953453}