{"FN": 403.0, "FP": 357.0, "TN": 16482.0, "TP": 2015.0, "best-f1": 0.8413311138881736, "best_valid_loss": -3.670840268131541, "latency": 25.1994960100798, "pot-FN": 1612.0, "pot-FP": 79.0, "pot-TN": 16760.0, "pot-TP": 806.0, "pot-f1": 0.4880372488192852, "pot-latency": 58.49707514624268, "pot-precision": 0.9107344529860514, "pot-recall": 0.33333333195478354, "pot-threshold": -18.67193824550474, "precision": 0.8494940942264161, "pred_time": 0.09539898751313204, "pred_total_time": 36.88142919540405, "recall": 0.8333333298869589, "threshold": 0.0, "train_time": 15.27851455926895, "valid_time": 0.1493270129947872}