{"FN": 1209.0, "FP": 76.0, "TN": 11927.0, "TP": 1209.0, "best-f1": 0.6529795315598833, "best_valid_loss": -10.789089410068888, "latency": 109.99633345555148, "pot-FN": 1612.0, "pot-FP": 33.0, "pot-TN": 11970.0, "pot-TP": 806.0, "pot-f1": 0.49493016048788974, "pot-latency": 155.49222538873056, "pot-precision": 0.9606674498132605, "pot-recall": 0.33333333195478354, "pot-threshold": -14.021932256092665, "precision": 0.940856023806568, "pred_time": 0.09552997123823859, "pred_total_time": 27.64977478981018, "recall": 0.4999999979321753, "threshold": -5.0, "train_time": 7.042741520404816, "valid_time": 0.15535663256870014}