{"FN": 528.0, "FP": 5.0, "TN": 6827.0, "TP": 233.0, "best-f1": 0.4664628275403843, "best_valid_loss": -8.132253484565672, "latency": 23.79952400951981, "pot-FN": 706.0, "pot-FP": 1.0, "pot-TN": 6831.0, "pot-TP": 55.0, "pot-f1": 0.1346376426996724, "pot-latency": 26.997300269973003, "pot-precision": 0.9821426817602353, "pot-recall": 0.0722733236232152, "pot-threshold": -18.193796400148635, "precision": 0.9789915555045565, "pred_time": 0.10321200991931714, "pred_total_time": 15.712911128997803, "recall": 0.30617608007652986, "threshold": -1.0, "train_time": 5.726876702308655, "valid_time": 0.17124368945757548}