{"FN": 14871.0, "FP": 13893.0, "TN": 365912.0, "TP": 41051.0, "best-f1": 0.7405466572444932, "best_valid_loss": -15.311718592378442, "latency": 221.9820666981286, "pot-FN": 41066.0, "pot-FP": 2588.0, "pot-TN": 377217.0, "pot-TP": 14856.0, "pot-f1": 0.40497960998781546, "pot-latency": 202.92229645270595, "pot-precision": 0.851639531729168, "pot-recall": 0.26565573472592974, "pot-threshold": -3.15454164837919, "precision": 0.7471425450008841, "pred_time": 0.07898580539657409, "pred_total_time": 689.408271074295, "recall": 0.7340760343453245, "threshold": -1.343454327583121, "train_time": 702.9828687715531, "valid_time": 0.13409624732941317}