{"FN": 1685.0, "FP": 191.0, "TN": 114904.0, "TP": 10030.0, "best-f1": 0.9144735052455097, "best_valid_loss": -13.865653890123841, "latency": 207.4725922495145, "pot-FN": 3804.0, "pot-FP": 23.0, "pot-TN": 115072.0, "pot-TP": 7911.0, "pot-f1": 0.80522700276326, "pot-latency": 265.7123877686588, "pot-precision": 0.9971010826857813, "pot-recall": 0.6752880916130704, "pot-threshold": -4.086800497060137, "precision": 0.9813129821139683, "pred_time": 0.09648499020827206, "pred_total_time": 245.13416004180908, "recall": 0.8561673061407022, "threshold": 2.0, "train_time": 217.7833214902878, "valid_time": 0.1524130039530856}