{"FN": 1482.0, "FP": 215.0, "TN": 86934.0, "TP": 6453.0, "best-f1": 0.8837860383054595, "best_valid_loss": -18.310502013777356, "latency": 183.46012722979054, "pot-FN": 2511.0, "pot-FP": 34.0, "pot-TN": 87115.0, "pot-TP": 5424.0, "pot-f1": 0.8099705301096934, "pot-latency": 249.19750802491976, "pot-precision": 0.9937706101250081, "pot-recall": 0.6835538743748534, "pot-threshold": -4.618011588375123, "precision": 0.9677564472589136, "pred_time": 0.09609251556336315, "pred_total_time": 183.04944443702698, "recall": 0.8132325131528261, "threshold": 1.7106458740555817, "train_time": 644.9543431544304, "valid_time": 0.14283066875560552}