{"FN": 0.0, "FP": 84737.0, "TN": 0.0, "TP": 464.0, "best-f1": 0.01083278783796858, "best_valid_loss": -13.892438099894841, "latency": 0.0, "pot-FN": 222.0, "pot-FP": 65173.0, "pot-TN": 19564.0, "pot-TP": 242.0, "pot-f1": 0.007346662599452632, "pot-latency": 0.00943395336419494, "pot-precision": 0.0036994573104487567, "pot-recall": 0.5215517128975924, "pot-threshold": -1.7576634883880615, "precision": 0.005445945469484402, "pred_time": 0.0959152031504164, "pred_total_time": 163.78329873085022, "recall": 0.9999999784482764, "threshold": 1.0, "train_time": 64.39057901859283, "valid_time": 0.15075121541933834}