{"FN": 4007.0, "FP": 27713.0, "TN": 352092.0, "TP": 51915.0, "best-f1": 0.7659855622888417, "best_valid_loss": -15.800537046648556, "latency": 178.52280227261187, "pot-FN": 42183.0, "pot-FP": 2272.0, "pot-TN": 377533.0, "pot-TP": 13739.0, "pot-f1": 0.3819908949976158, "pot-latency": 281.463280488284, "pot-precision": 0.8580975573929813, "pot-recall": 0.24568148488149896, "pot-threshold": -3.8288437231399803, "precision": 0.6519691564962112, "pred_time": 0.09060041856574247, "pred_total_time": 790.7628309726715, "recall": 0.9283466254911579, "threshold": -0.7198722314835462, "train_time": 325.44447228431704, "valid_time": 0.14853283913303705}