{"FN": 2858.0, "FP": 8045.0, "TN": 57819.0, "TP": 4908.0, "best-f1": 0.4737633519624673, "best_valid_loss": -12.150241333832865, "latency": 80.92245444265814, "pot-FN": 7585.0, "pot-FP": 0.0, "pot-TN": 65864.0, "pot-TP": 181.0, "pot-f1": 0.04555133529282426, "pot-latency": 12.998700129987002, "pot-precision": 0.9999999447513842, "pot-recall": 0.023306721576993664, "pot-threshold": -2.1664537019833583, "precision": 0.3789083607049268, "pred_time": 0.09824090091371245, "pred_total_time": 144.9252061843872, "recall": 0.6319855773474304, "threshold": 0.08171965217625057, "train_time": 20.275693101882936, "valid_time": 0.15277405520440246}