{"FN": 739.0, "FP": 1046.0, "TN": 132498.0, "TP": 18.0, "best-f1": 0.019764500582907, "best_valid_loss": -5.047803043590591, "latency": 0.0, "pot-FN": 668.0, "pot-FP": 11108.0, "pot-TN": 122436.0, "pot-TP": 89.0, "pot-f1": 0.014889227002565583, "pot-latency": 0.0, "pot-precision": 0.00794855764227154, "pot-recall": 0.11756935115496234, "pot-threshold": -2.356672594160318, "precision": 0.016917293074085592, "pred_time": 0.08726266489004086, "pred_total_time": 234.84653282165527, "recall": 0.023778071020104742, "threshold": -9.0, "train_time": 238.4711844921112, "valid_time": 0.15440255185832147}