{"FN": 403.0, "FP": 315.0, "TN": 11688.0, "TP": 2015.0, "best-f1": 0.8487734311961236, "best_valid_loss": -11.070649858730944, "latency": 31.399372012559752, "pot-FN": 1209.0, "pot-FP": 71.0, "pot-TN": 11932.0, "pot-TP": 1209.0, "pot-f1": 0.6538624251066707, "pot-latency": 109.99633345555148, "pot-precision": 0.9445312426208496, "pot-recall": 0.4999999979321753, "pot-threshold": -7.955628376628496, "precision": 0.8648068632411722, "pred_time": 0.09269583266499133, "pred_total_time": 26.832528114318848, "recall": 0.8333333298869589, "threshold": 0.0, "train_time": 25.59856613636017, "valid_time": 0.1456396502333802}