{"FN": 1209.0, "FP": 108.0, "TN": 16731.0, "TP": 1209.0, "best-f1": 0.6473849892721506, "best_valid_loss": -12.221526435355093, "latency": 111.32962234592179, "pot-FN": 1612.0, "pot-FP": 78.0, "pot-TN": 16761.0, "pot-TP": 806.0, "pot-f1": 0.48818505256465916, "pot-latency": 58.49707514624268, "pot-precision": 0.9117646955682727, "pot-recall": 0.33333333195478354, "pot-threshold": -15.01766635620633, "precision": 0.9179954372209914, "pred_time": 0.09514836264397813, "pred_total_time": 36.78025722503662, "recall": 0.4999999979321753, "threshold": -5.0, "train_time": 16.233441734313963, "valid_time": 0.15200529478408478}