{"FN": 0.0, "FP": 191.0, "TN": 7962.0, "TP": 1148.0, "best-f1": 0.9231956654386515, "best_valid_loss": -11.1313678310031, "latency": 50.09949900500995, "pot-FN": 686.0, "pot-FP": 12.0, "pot-TN": 8141.0, "pot-TP": 462.0, "pot-f1": 0.5696629340400303, "pot-latency": 36.66605556574057, "pot-precision": 0.974683523740854, "pot-recall": 0.40243902088467753, "pot-threshold": -5.2545692496681795, "precision": 0.8573562295940536, "pred_time": 0.09752375811816537, "pred_total_time": 18.263874769210815, "recall": 0.9999999912891987, "threshold": 0.0, "train_time": 9.746828308105469, "valid_time": 0.15566417921222264}