{"FN": 0.0, "FP": 298.0, "TN": 10658.0, "TP": 1477.0, "best-f1": 0.9083591200671083, "best_valid_loss": -6.194166274297804, "latency": 52.92266982561673, "pot-FN": 1057.0, "pot-FP": 10.0, "pot-TN": 10946.0, "pot-TP": 420.0, "pot-f1": 0.44047893571818647, "pot-latency": 33.1661138981017, "pot-precision": 0.9767441633315311, "pot-recall": 0.28436018764820453, "pot-threshold": -4.5140937960923555, "precision": 0.8321126713683793, "pred_time": 0.10300453886928329, "pred_total_time": 25.686887741088867, "recall": 0.9999999932295194, "threshold": 0.0, "train_time": 9.43539169549942, "valid_time": 0.15332379915792937}