{"FN": 893.0, "FP": 4801.0, "TN": 45290.0, "TP": 4567.0, "best-f1": 0.6159921093926591, "best_valid_loss": -4.7535013165846145, "latency": 74.14232755480319, "pot-FN": 5249.0, "pot-FP": 5.0, "pot-TN": 50086.0, "pot-TP": 211.0, "pot-f1": 0.07434740009711965, "pot-latency": 66.99665016749162, "pot-precision": 0.9768518066272311, "pot-recall": 0.03864468857391083, "pot-threshold": -5.225822551481533, "precision": 0.4875106741166624, "pred_time": 0.10072924078797264, "pred_total_time": 112.17145109176636, "recall": 0.8364468849149325, "threshold": -2.0, "train_time": 63.55649374961853, "valid_time": 0.15707817395043566}