{"FN": 2130.0, "FP": 730.0, "TN": 35533.0, "TP": 3247.0, "best-f1": 0.6942435604144834, "best_valid_loss": -16.021482829923766, "latency": 88.59911400885991, "pot-FN": 0.0, "pot-FP": 36153.0, "pot-TN": 110.0, "pot-TP": 5377.0, "pot-f1": 0.2292601271384611, "pot-latency": 0.0, "pot-precision": 0.12947267032760107, "pot-recall": 0.999999998140227, "pot-threshold": -2.2715930938720703, "precision": 0.8164445541452237, "pred_time": 0.09063333308711058, "pred_total_time": 75.61306643486023, "recall": 0.6038683269409182, "threshold": -31.0, "train_time": 107.90996238470078, "valid_time": 0.14609562535837575}