{"FN": 572.0, "FP": 35.0, "TN": 8118.0, "TP": 576.0, "best-f1": 0.6549130253852717, "best_valid_loss": -3.862663251382333, "latency": 37.16604723254613, "pot-FN": 1061.0, "pot-FP": 5.0, "pot-TN": 8148.0, "pot-TP": 87.0, "pot-f1": 0.14032120461791098, "pot-latency": 10.666311122962567, "pot-precision": 0.9456520711247749, "pot-recall": 0.07578397146529642, "pot-threshold": -3.921429533331899, "precision": 0.9427168421813937, "pred_time": 0.09781519614438959, "pred_total_time": 18.32191252708435, "recall": 0.5017421559081694, "threshold": 0.0, "train_time": 1.9108142161369324, "valid_time": 0.2736556927363078}