{"FN": 3197.0, "FP": 225.0, "TN": 36038.0, "TP": 2180.0, "best-f1": 0.5602630113319788, "best_valid_loss": -12.486915755246631, "latency": 213.9969429008157, "pot-FN": 5377.0, "pot-FP": 3.0, "pot-TN": 36260.0, "pot-TP": 0.0, "pot-f1": 0.0, "pot-latency": 0.0, "pot-precision": 0.0, "pot-recall": 0.0, "pot-threshold": -9.237274334298695, "precision": 0.9064449026759047, "pred_time": 0.09731332709093769, "pred_total_time": 81.18530249595642, "recall": 0.40543053672041934, "threshold": -1.0, "train_time": 10.857264862060546, "valid_time": 0.15543919433445352}