{"FN": 1209.0, "FP": 103.0, "TN": 16736.0, "TP": 1209.0, "best-f1": 0.6482528088152923, "best_valid_loss": -6.670238896884537, "latency": 115.32948901703276, "pot-FN": 1612.0, "pot-FP": 79.0, "pot-TN": 16760.0, "pot-TP": 806.0, "pot-f1": 0.4880372488192852, "pot-latency": 58.49707514624268, "pot-precision": 0.9107344529860514, "pot-recall": 0.33333333195478354, "pot-threshold": -15.153921380461984, "precision": 0.9214938954154429, "pred_time": 0.09587546580813709, "pred_total_time": 37.06507110595703, "recall": 0.4999999979321753, "threshold": -6.0, "train_time": 16.151480858325957, "valid_time": 0.15262683236991967}