{"FN": 403.0, "FP": 476.0, "TN": 11527.0, "TP": 2015.0, "best-f1": 0.8209361263309001, "best_valid_loss": -13.592509249973777, "latency": 70.39859202815944, "pot-FN": 1612.0, "pot-FP": 70.0, "pot-TN": 11933.0, "pot-TP": 806.0, "pot-f1": 0.4893707132817366, "pot-latency": 57.99710014499274, "pot-precision": 0.9200913136975878, "pot-recall": 0.33333333195478354, "pot-threshold": -9.451001173969736, "precision": 0.8089120802532633, "pred_time": 0.09660058368036079, "pred_total_time": 27.959713459014893, "recall": 0.8333333298869589, "threshold": 0.03961563110458066, "train_time": 37.98989693880081, "valid_time": 0.15021460422062494}