{"FN": 98.0, "FP": 1.0, "TN": 70800.0, "TP": 102.0, "best-f1": 0.6732627947449614, "best_valid_loss": -17.818221529598198, "latency": 0.0, "pot-FN": 70.0, "pot-FP": 9532.0, "pot-TN": 61269.0, "pot-TP": 130.0, "pot-f1": 0.026363423306738475, "pot-latency": 0.0, "pot-precision": 0.013454771254962979, "pot-recall": 0.6499999675000017, "pot-threshold": -0.5125689849595517, "precision": 0.9902911659911489, "pred_time": 0.08600636253383778, "pred_total_time": 122.40596342086792, "recall": 0.5099999745000012, "threshold": -5.64542132568416, "train_time": 663.8701220333576, "valid_time": 0.1413392874862379}