{"FN": 2910.0, "FP": 4551.0, "TN": 61313.0, "TP": 4856.0, "best-f1": 0.5655339724264583, "best_valid_loss": -12.989431526691805, "latency": 105.14210612781338, "pot-FN": 7585.0, "pot-FP": 0.0, "pot-TN": 65864.0, "pot-TP": 181.0, "pot-f1": 0.04555133529282426, "pot-latency": 12.998700129987002, "pot-precision": 0.9999999447513842, "pot-recall": 0.023306721576993664, "pot-threshold": -1.8083965041568697, "precision": 0.516211331438066, "pred_time": 0.09703524179063681, "pred_total_time": 143.14519739151, "recall": 0.6252897236347029, "threshold": -0.15358704376250992, "train_time": 49.51154430389404, "valid_time": 0.15303565733268132}