{"FN": 479.0, "FP": 629.0, "TN": 99572.0, "TP": 21.0, "best-f1": 0.03651682422277476, "best_valid_loss": -19.579210910679006, "latency": 0.0, "pot-FN": 492.0, "pot-FP": 100.0, "pot-TN": 100101.0, "pot-TP": 8.0, "pot-f1": 0.026312867360190572, "pot-latency": 0.0, "pot-precision": 0.07407406721536415, "pot-recall": 0.01599999968000001, "pot-threshold": -2.1697972203084905, "precision": 0.03230769181065089, "pred_time": 0.09853611347397268, "pred_total_time": 198.8508903980255, "recall": 0.041999999160000016, "threshold": -0.23124220848082955, "train_time": 448.08285237312316, "valid_time": 0.14720116463038688}