{"FN": 561.0, "FP": 201.0, "TN": 99919.0, "TP": 20.0, "best-f1": 0.0498713182528755, "best_valid_loss": -18.592022292879374, "latency": 0.0, "pot-FN": 453.0, "pot-FP": 9724.0, "pot-TN": 90396.0, "pot-TP": 128.0, "pot-f1": 0.02453647340955284, "pot-latency": 0.0, "pot-precision": 0.012992285817100806, "pot-recall": 0.22030980687934928, "pot-threshold": -1.3583567714048508, "precision": 0.09049773346164101, "pred_time": 0.09109931228770216, "pred_total_time": 183.83597993850708, "recall": 0.03442340732489833, "threshold": -4.397430152893115, "train_time": 716.4371507143974, "valid_time": 0.14296338610271814}