{"FN": 96.0, "FP": 8.0, "TN": 5143.0, "TP": 422.0, "best-f1": 0.8902903829790473, "best_valid_loss": -11.594369471695801, "latency": 40.999316678055365, "pot-FN": 228.0, "pot-FP": 1.0, "pot-TN": 5150.0, "pot-TP": 290.0, "pot-f1": 0.7169298629896932, "pot-latency": 35.74910627234319, "pot-precision": 0.9965635396369918, "pot-recall": 0.5598455490377308, "pot-threshold": -27.630990162940748, "precision": 0.9813953260140622, "pred_time": 0.09747419859233655, "pred_total_time": 11.129918098449707, "recall": 0.8146717989445599, "threshold": -1.5340763854946147, "train_time": 12.28775842666626, "valid_time": 0.1529720766659089}