{"FN": 1226.0, "FP": 3713.0, "TN": 51606.0, "TP": 306.0, "best-f1": 0.11024640872267, "best_valid_loss": -14.663951212098372, "latency": 0.8157873268754555, "pot-FN": 6.0, "pot-FP": 55319.0, "pot-TN": 0.0, "pot-TP": 1526.0, "pot-f1": 0.052280352935880466, "pot-latency": 0.10489503154193598, "pot-precision": 0.026844929188698224, "pot-recall": 0.9960835444119873, "pot-threshold": -1.2932395935058594, "precision": 0.07613834268191504, "pred_time": 0.10036306033444531, "pred_total_time": 114.38200855255127, "recall": 0.19973890209047715, "threshold": -34.0, "train_time": 102.13105903625488, "valid_time": 0.15774446026518707}