{"FN": 0.0, "FP": 84737.0, "TN": 0.0, "TP": 464.0, "best-f1": 0.01083278783796858, "best_valid_loss": -15.884308766191898, "latency": 0.0, "pot-FN": 217.0, "pot-FP": 69486.0, "pot-TN": 15251.0, "pot-TP": 247.0, "pot-f1": 0.00703720645286266, "pot-latency": 0.00943395336419494, "pot-precision": 0.003542081940610316, "pot-recall": 0.5323275747343196, "pot-threshold": -1.3467910289764404, "precision": 0.005445945469484402, "pred_time": 0.09777893111153432, "pred_total_time": 166.96562600135803, "recall": 0.9999999784482764, "threshold": 1.0, "train_time": 182.21956164598464, "valid_time": 0.15276814759264243}