{"FN": 0.0, "FP": 289.0, "TN": 7864.0, "TP": 1148.0, "best-f1": 0.8881962161919726, "best_valid_loss": -12.75548152709275, "latency": 55.69944300556995, "pot-FN": 0.0, "pot-FP": 948.0, "pot-TN": 7205.0, "pot-TP": 1148.0, "pot-f1": 0.7077636100860851, "pot-latency": 26.699733002669973, "pot-precision": 0.5477099210510022, "pot-recall": 0.9999999912891987, "pot-threshold": -2.4448909759521484, "precision": 0.7988865636820699, "pred_time": 0.09747842161413182, "pred_total_time": 18.258971452713013, "recall": 0.9999999912891987, "threshold": -4.478100967407016, "train_time": 22.064055607318878, "valid_time": 0.1523782017184239}