{"FN": 0.0, "FP": 233.0, "TN": 10723.0, "TP": 1477.0, "best-f1": 0.9268855135612826, "best_valid_loss": -9.806501842680431, "latency": 47.84578580164768, "pot-FN": 932.0, "pot-FP": 12.0, "pot-TN": 10944.0, "pot-TP": 545.0, "pot-f1": 0.5358858898581603, "pot-latency": 37.28518164026228, "pot-precision": 0.9784559967961222, "pot-recall": 0.3689911958768369, "pot-threshold": -5.278794897656492, "precision": 0.8637426850073527, "pred_time": 0.10186150753833204, "pred_total_time": 25.405255556106567, "recall": 0.9999999932295194, "threshold": 0.0, "train_time": 9.975153663158416, "valid_time": 0.1610630940501625}