{"FN": 563.0, "FP": 967.0, "TN": 99153.0, "TP": 18.0, "best-f1": 0.022983839174762218, "best_valid_loss": -15.698980060730644, "latency": 0.0, "pot-FN": 487.0, "pot-FP": 11319.0, "pot-TN": 88801.0, "pot-TP": 94.0, "pot-f1": 0.015673582059340923, "pot-latency": 0.0, "pot-precision": 0.008236221845057196, "pot-recall": 0.16179001442702212, "pot-threshold": -1.2419971030833283, "precision": 0.01827411148960293, "pred_time": 0.09629766923322275, "pred_total_time": 194.31839632987976, "recall": 0.030981066592408495, "threshold": -5.826746253967328, "train_time": 232.98133182525635, "valid_time": 0.14973269682154697}