{"FN": 453.0, "FP": 174.0, "TN": 83246.0, "TP": 28.0, "best-f1": 0.08198704736596382, "best_valid_loss": -17.26300058764018, "latency": 0.0, "pot-FN": 293.0, "pot-FP": 14407.0, "pot-TN": 69013.0, "pot-TP": 188.0, "pot-f1": 0.0249396847080079, "pot-latency": 0.0, "pot-precision": 0.012881123663664869, "pot-recall": 0.3908523827265617, "pot-threshold": -1.3498322907317213, "precision": 0.1386138545240666, "pred_time": 0.07276591081715823, "pred_total_time": 122.36774897575378, "recall": 0.05821205700182834, "threshold": -5.162642997741713, "train_time": 871.3477279484272, "valid_time": 0.1390369891575966}