{"FN": 0.0, "FP": 3607.0, "TN": 32656.0, "TP": 5377.0, "best-f1": 0.7488289610911048, "best_valid_loss": -15.2633589944479, "latency": 46.11737578014247, "pot-FN": 4901.0, "pot-FP": 8.0, "pot-TN": 36255.0, "pot-TP": 476.0, "pot-f1": 0.1624281037717506, "pot-latency": 120.99596680110662, "pot-precision": 0.9834710540605155, "pot-recall": 0.0885251997609723, "pot-threshold": -11.786444557512128, "precision": 0.5985084588173325, "pred_time": 0.09698280681367395, "pred_total_time": 80.91523933410645, "recall": 0.999999998140227, "threshold": 2.0, "train_time": 62.51343518018722, "valid_time": 0.15182745081137836}