{"FN": 988.0, "FP": 3062.0, "TN": 47029.0, "TP": 4472.0, "best-f1": 0.6883128114406356, "best_valid_loss": -9.648059526611092, "latency": 81.84552426519797, "pot-FN": 5384.0, "pot-FP": 3.0, "pot-TN": 50088.0, "pot-TP": 76.0, "pot-f1": 0.027441495216047603, "pot-latency": 72.99270072992701, "pot-precision": 0.9620251946803551, "pot-recall": 0.013919413893920488, "pot-threshold": -10.971086752979836, "precision": 0.5935757889652564, "pred_time": 0.08575972550206905, "pred_total_time": 95.51032614707947, "recall": 0.8190476175475319, "threshold": -2.0, "train_time": 57.56134183168411, "valid_time": 0.13983299003202257}