{"FN": 17097.0, "FP": 15519.0, "TN": 364286.0, "TP": 38825.0, "best-f1": 0.7042011932303828, "best_valid_loss": -18.131672149858797, "latency": 90.04903270650375, "pot-FN": 34330.0, "pot-FP": 2459.0, "pot-TN": 377346.0, "pot-TP": 21592.0, "pot-f1": 0.5399780380039974, "pot-latency": 106.24295610011863, "pot-precision": 0.8977589285693905, "pot-recall": 0.38610922349234483, "pot-threshold": -4.84722298624177, "precision": 0.7144302957613664, "pred_time": 0.08071135536255128, "pred_total_time": 704.5944285392761, "recall": 0.6942705910564231, "threshold": -1.0, "train_time": 2418.334420511723, "valid_time": 0.13106168414266708}