{"FN": 5188.0, "FP": 1741.0, "TN": 85408.0, "TP": 2747.0, "best-f1": 0.44223960870443796, "best_valid_loss": -5.550030721703766, "latency": 138.85515921201127, "pot-FN": 5978.0, "pot-FP": 73.0, "pot-TN": 87076.0, "pot-TP": 1957.0, "pot-f1": 0.3927714664484783, "pot-latency": 153.39693206135877, "pot-precision": 0.9640394041180325, "pot-recall": 0.24662885917249042, "pot-threshold": -3.881387890855451, "precision": 0.6120766474775476, "pred_time": 0.09489900907883508, "pred_total_time": 180.76856231689453, "recall": 0.3461877752410992, "threshold": 0.0, "train_time": 28.865569727420805, "valid_time": 0.14961174179179096}