{"FN": 2550.0, "FP": 6463.0, "TN": 38359.0, "TP": 3501.0, "best-f1": 0.4372104088322851, "best_valid_loss": -13.71316763804312, "latency": 44.187223829851064, "pot-FN": 0.0, "pot-FP": 44822.0, "pot-TN": 0.0, "pot-TP": 6051.0, "pot-f1": 0.21259735508916094, "pot-latency": 0.0, "pot-precision": 0.11894325081694744, "pot-recall": 0.9999999983473806, "pot-threshold": -3.1717488765716553, "precision": 0.35136491333664704, "pred_time": 0.10425455303229611, "pred_total_time": 106.2844967842102, "recall": 0.5785820515971211, "threshold": -168.0, "train_time": 58.06971194267273, "valid_time": 0.15720678504669305}