{"FN": 566.0, "FP": 643.0, "TN": 99477.0, "TP": 15.0, "best-f1": 0.024208095005193928, "best_valid_loss": -17.982455739739425, "latency": 0.0, "pot-FN": 488.0, "pot-FP": 10155.0, "pot-TN": 89965.0, "pot-TP": 93.0, "pot-f1": 0.017175085764643563, "pot-latency": 0.0, "pot-precision": 0.009074941443135304, "pot-recall": 0.1600688440607772, "pot-threshold": -1.440625673790278, "precision": 0.022796352237137506, "pred_time": 0.08972640782964436, "pred_total_time": 181.06556868553162, "recall": 0.025817555493673743, "threshold": -5.0, "train_time": 448.25960640192034, "valid_time": 0.14694518075404156}