{"FN": 893.0, "FP": 4723.0, "TN": 45368.0, "TP": 4567.0, "best-f1": 0.619249573602797, "best_valid_loss": -13.306445530482705, "latency": 27.78551581774416, "pot-FN": 5249.0, "pot-FP": 5.0, "pot-TN": 50086.0, "pot-TP": 211.0, "pot-f1": 0.07434740009711965, "pot-latency": 66.99665016749162, "pot-precision": 0.9768518066272311, "pot-recall": 0.03864468857391083, "pot-threshold": -5.529091207541156, "precision": 0.49160387460537797, "pred_time": 0.09197295612568478, "pred_total_time": 102.41809892654419, "recall": 0.8364468849149325, "threshold": -2.0, "train_time": 66.10356383800507, "valid_time": 0.15885114651627658}