{"FN": 96.0, "FP": 6.0, "TN": 5145.0, "TP": 422.0, "best-f1": 0.8921726162730618, "best_valid_loss": -12.144207131628896, "latency": 40.999316678055365, "pot-FN": 228.0, "pot-FP": 1.0, "pot-TN": 5150.0, "pot-TP": 290.0, "pot-f1": 0.7169298629896932, "pot-latency": 35.74910627234319, "pot-precision": 0.9965635396369918, "pot-recall": 0.5598455490377308, "pot-threshold": -24.0183393267789, "precision": 0.9859812853742691, "pred_time": 0.09886521205567476, "pred_total_time": 11.288045167922974, "recall": 0.8146717989445599, "threshold": -1.0, "train_time": 9.124077217578888, "valid_time": 0.15779449829929754}