{"FN": 368.0, "FP": 2413.0, "TN": 81079.0, "TP": 41.0, "best-f1": 0.028638836394678093, "best_valid_loss": -17.34257077442716, "latency": 0.0, "pot-FN": 396.0, "pot-FP": 802.0, "pot-TN": 82690.0, "pot-TP": 13.0, "pot-f1": 0.021237380772529128, "pot-latency": 0.0, "pot-precision": 0.015950920049681964, "pot-recall": 0.03178484029865916, "pot-threshold": -1.748399062050477, "precision": 0.016707416394835303, "pred_time": 0.07696630189360573, "pred_total_time": 129.43698811531067, "recall": 0.10024449632654044, "threshold": -0.7293440704343257, "train_time": 840.3127376079559, "valid_time": 0.13472711208616076}